benchmark,believability,knowledge,goal,relationship,financial_and_material_benefits,secret,social_rules,overall_score
Sotopia All,8.932584269662922,4.921348314606742,8.044943820224718,2.730337078651685,0.4044943820224719,-0.056179775280898875,-0.02247191011235955,3.565008025682183
Sotopia Hard,9.0,4.357142857142857,6.571428571428571,1.7857142857142858,0.14285714285714285,0.0,0.0,3.122448979591837
