benchmark,believability,knowledge,goal,relationship,financial_and_material_benefits,secret,social_rules
Sotopia All,0.8932584269662921,0.4921348314606741,0.8044943820224718,0.7730337078651686,0.5404494382022472,0.9943820224719101,0.9977528089887641
Sotopia Hard,0.9,0.43571428571428567,0.6571428571428571,0.6785714285714286,0.5142857142857143,1.0,1.0
